condition,task,run,model,timestamp,success,input_tokens,input_tokens_cached,output_tokens,reasoning_tokens,total_cost_usd,wall_clock_seconds,turn_count,command_count,error_count
pinchtab,read_static_page,1,claude-sonnet-4-6,2026-03-25T20:15:13.535Z,true,60666,38581,148,0,0.09661080000000001,8.658,2,0,0
chrome-devtools-mcp,read_static_page,1,claude-sonnet-4-6,2026-03-25T20:15:17.990Z,true,136638,136634,188,0,0.043822200000000006,13.267,3,0,0
chrome-devtools-mcp-search,read_static_page,1,claude-sonnet-4-6,2026-03-25T20:15:19.673Z,true,122537,120675,345,0,0.048354749999999995,15.533,4,0,0
pinchtab,read_static_page,2,claude-sonnet-4-6,2026-03-25T20:15:28.272Z,true,90975,68808,222,0,0.10709565000000001,10.909,3,0,0
chrome-devtools-mcp-code,read_static_page,1,claude-sonnet-4-6,2026-03-25T20:15:31.008Z,true,92023,91516,369,0,0.03488805,22.088,3,0,0
agent-browser,read_static_page,1,claude-sonnet-4-6,2026-03-25T20:15:31.783Z,true,92616,70186,222,0,0.10849529999999999,22.682,3,0,0
chrome-devtools-mcp,read_static_page,2,claude-sonnet-4-6,2026-03-25T20:15:39.747Z,true,135030,103756,188,0,0.1512213,15.541,3,0,0
chrome-devtools-mcp-search,read_static_page,2,claude-sonnet-4-6,2026-03-25T20:15:41.471Z,true,122521,100108,344,0,0.1192359,15.279,4,0,0
chrome-devtools-mcp-code,read_static_page,2,claude-sonnet-4-6,2026-03-25T20:15:47.044Z,true,92012,69707,368,0,0.11007285,9.91,3,0,0
pinchtab,read_static_page,3,claude-sonnet-4-6,2026-03-25T20:15:49.355Z,true,90949,68551,213,0,0.10774979999999999,10.982,3,0,0
chrome-devtools-mcp,read_static_page,3,claude-sonnet-4-6,2026-03-25T20:15:53.511Z,true,135021,113436,178,0,0.11764155,10.342,3,0,0
chrome-devtools-mcp-search,read_static_page,3,claude-sonnet-4-6,2026-03-25T20:16:02.286Z,true,122497,100093,338,0,0.11910765,16.601,4,0,0
agent-browser,read_static_page,2,claude-sonnet-4-6,2026-03-25T20:16:02.376Z,true,92608,70180,233,0,0.108651,25.968,3,0,0
chrome-devtools-mcp-code,read_static_page,3,claude-sonnet-4-6,2026-03-25T20:16:04.033Z,true,91999,69698,366,0,0.11002515,12.578,3,0,0
pinchtab,read_static_page,4,claude-sonnet-4-6,2026-03-25T20:16:04.605Z,true,90954,68796,233,0,0.1072233,9.586,3,0,0
agent-browser,read_static_page,3,claude-sonnet-4-6,2026-03-25T20:16:17.869Z,true,92597,70173,222,0,0.1084689,11.672,3,0,0
chrome-devtools-mcp-code,read_static_page,4,claude-sonnet-4-6,2026-03-25T20:16:18.788Z,true,91990,69692,369,0,0.11005710000000002,10.233,3,0,0
chrome-devtools-mcp-search,read_static_page,4,claude-sonnet-4-6,2026-03-25T20:16:21.352Z,true,122452,99913,325,0,0.1193649,14.465,4,0,0
pinchtab,read_static_page,5,claude-sonnet-4-6,2026-03-25T20:16:22.036Z,true,90950,68541,238,0,0.10816305,10.101,3,0,0
chrome-devtools-mcp,read_static_page,4,claude-sonnet-4-6,2026-03-25T20:16:26.924Z,true,136629,115044,178,0,0.11812394999999999,27.615,3,0,0
agent-browser,read_static_page,4,claude-sonnet-4-6,2026-03-25T20:16:35.476Z,true,61643,39304,147,0,0.0977652,7.382,2,0,0
pinchtab,wikipedia_fact_lookup,1,claude-sonnet-4-6,2026-03-25T20:16:39.371Z,true,121576,99409,348,0,0.1181652,12.145,4,0,0
chrome-devtools-mcp-code,read_static_page,5,claude-sonnet-4-6,2026-03-25T20:16:42.453Z,true,91996,69696,366,0,0.11002080000000002,19.982,3,0,0
chrome-devtools-mcp-search,read_static_page,5,claude-sonnet-4-6,2026-03-25T20:16:44.932Z,true,122470,100075,330,0,0.11894849999999998,19.656,4,0,0
chrome-devtools-mcp,read_static_page,5,claude-sonnet-4-6,2026-03-25T20:16:51.071Z,true,135006,113426,188,0,0.1177698,20.102,3,0,0
agent-browser,read_static_page,5,claude-sonnet-4-6,2026-03-25T20:16:53.730Z,true,92596,70172,233,0,0.1086336,11.829,3,0,0
chrome-devtools-mcp,wikipedia_fact_lookup,1,claude-sonnet-4-6,2026-03-25T20:17:08.438Z,true,135096,113479,287,0,0.11940945000000001,13.322,3,0,0
agent-browser,wikipedia_fact_lookup,1,claude-sonnet-4-6,2026-03-25T20:17:09.696Z,true,92993,70307,262,0,0.1100916,11.59,3,0,0
pinchtab,wikipedia_fact_lookup,2,claude-sonnet-4-6,2026-03-25T20:17:12.083Z,true,121824,99150,426,0,0.12115875,28.828,4,0,0
chrome-devtools-mcp-code,wikipedia_fact_lookup,1,claude-sonnet-4-6,2026-03-25T20:17:14.167Z,true,168361,140901,644,0,0.1549008,25.363,5,0,0
chrome-devtools-mcp-search,wikipedia_fact_lookup,1,claude-sonnet-4-6,2026-03-25T20:17:15.562Z,true,154554,131452,563,0,0.1345056,24.945,5,0,0
chrome-devtools-mcp,wikipedia_fact_lookup,2,claude-sonnet-4-6,2026-03-25T20:17:28.584Z,true,136705,115081,299,0,0.1200963,16.267,3,0,0
agent-browser,wikipedia_fact_lookup,2,claude-sonnet-4-6,2026-03-25T20:17:32.306Z,true,157878,133665,633,0,0.14038875,16.649,5,0,0
pinchtab,wikipedia_fact_lookup,3,claude-sonnet-4-6,2026-03-25T20:17:41.772Z,true,152994,130355,745,0,0.13517325000000002,22.497,5,0,0
chrome-devtools-mcp,wikipedia_fact_lookup,3,claude-sonnet-4-6,2026-03-25T20:17:48.680Z,true,136696,115075,299,0,0.12008325,16.239,3,0,0
chrome-devtools-mcp-search,wikipedia_fact_lookup,2,claude-sonnet-4-6,2026-03-25T20:17:51.047Z,true,154511,131589,559,0,0.13381170000000003,31.312,5,0,0
agent-browser,wikipedia_fact_lookup,3,claude-sonnet-4-6,2026-03-25T20:18:01.279Z,true,92903,70295,256,0,0.10970550000000001,17.115,3,0,0
chrome-devtools-mcp-code,wikipedia_fact_lookup,2,claude-sonnet-4-6,2026-03-25T20:18:03.977Z,true,318624,289073,1689,0,0.22286565,44.358,9,0,0
chrome-devtools-mcp,wikipedia_fact_lookup,4,claude-sonnet-4-6,2026-03-25T20:18:09.240Z,true,136682,115067,295,0,0.11999834999999999,16.047,3,0,0
chrome-devtools-mcp-code,wikipedia_fact_lookup,3,claude-sonnet-4-6,2026-03-25T20:18:20.519Z,true,92194,69714,404,0,0.1112712,12.423,3,0,0
pinchtab,wikipedia_fact_lookup,4,claude-sonnet-4-6,2026-03-25T20:18:21.540Z,true,121622,99073,349,0,0.11951190000000002,25.499,4,0,0
chrome-devtools-mcp-search,wikipedia_fact_lookup,3,claude-sonnet-4-6,2026-03-25T20:18:22.018Z,true,154500,131422,548,0,0.1341816,22.482,5,0,0
chrome-devtools-mcp,wikipedia_fact_lookup,5,claude-sonnet-4-6,2026-03-25T20:18:30.700Z,true,136681,115065,299,0,0.12006150000000002,14.403,3,0,0
agent-browser,wikipedia_fact_lookup,4,claude-sonnet-4-6,2026-03-25T20:18:30.842Z,true,157746,133879,582,0,0.13839045,20.565,5,0,0
agent-browser,wikipedia_fact_lookup,5,claude-sonnet-4-6,2026-03-25T20:18:48.211Z,true,92888,70285,256,0,0.10968374999999998,12.545,3,0,0
chrome-devtools-mcp-search,wikipedia_fact_lookup,4,claude-sonnet-4-6,2026-03-25T20:18:50.208Z,true,154469,131577,527,0,0.1332156,24.389,5,0,0
pinchtab,wikipedia_fact_lookup,5,claude-sonnet-4-6,2026-03-25T20:18:52.236Z,true,215203,192054,990,0,0.15926895,25.961,7,0,0
chrome-devtools-mcp-code,wikipedia_fact_lookup,4,claude-sonnet-4-6,2026-03-25T20:18:56.080Z,true,240991,212857,1173,0,0.18694860000000002,29.488,7,0,0
chrome-devtools-mcp,github_repo_stars,1,claude-sonnet-4-6,2026-03-25T20:19:01.820Z,true,229826,207137,751,0,0.15848535000000002,26.494,5,0,0
pinchtab,github_repo_stars,1,claude-sonnet-4-6,2026-03-25T20:19:16.119Z,true,125289,100052,446,0,0.1313406,15.624,4,0,0
chrome-devtools-mcp-search,wikipedia_fact_lookup,5,claude-sonnet-4-6,2026-03-25T20:19:20.603Z,true,154375,131324,534,0,0.13384095,26.471,5,0,0
agent-browser,github_repo_stars,1,claude-sonnet-4-6,2026-03-25T20:19:22.130Z,true,159871,134268,657,0,0.14614215,22.686,5,0,0
chrome-devtools-mcp,github_repo_stars,2,claude-sonnet-4-6,2026-03-25T20:19:32.632Z,true,228507,205380,522,0,0.15616575,24.88,5,0,0
pinchtab,github_repo_stars,2,claude-sonnet-4-6,2026-03-25T20:19:37.530Z,true,125249,100030,433,0,0.1310715,15.912,4,0,0
chrome-devtools-mcp-code,wikipedia_fact_lookup,5,claude-sonnet-4-6,2026-03-25T20:19:41.341Z,true,241801,213648,1449,0,0.19139715000000002,39.384,7,0,0
agent-browser,github_repo_stars,2,claude-sonnet-4-6,2026-03-25T20:19:43.631Z,true,127189,101745,431,0,0.13239974999999998,16.553,4,0,0
chrome-devtools-mcp-search,github_repo_stars,1,claude-sonnet-4-6,2026-03-25T20:19:49.947Z,false,29981,8603,8,0,0.08286690000000001,19.844,0,0,0
pinchtab,github_repo_stars,3,claude-sonnet-4-6,2026-03-25T20:19:58.605Z,true,125180,99753,427,0,0.1316784,15.027,4,0,0
agent-browser,github_repo_stars,3,claude-sonnet-4-6,2026-03-25T20:20:05.899Z,true,127185,101735,455,0,0.13277925,16.238,4,0,0
chrome-devtools-mcp,github_repo_stars,3,claude-sonnet-4-6,2026-03-25T20:20:12.008Z,true,231380,207894,718,0,0.16120619999999997,28.965,5,0,0
chrome-devtools-mcp-search,github_repo_stars,2,claude-sonnet-4-6,2026-03-25T20:20:18.448Z,false,29973,8603,0,0,0.08271690000000001,17.887,0,0,0
pinchtab,github_repo_stars,4,claude-sonnet-4-6,2026-03-25T20:20:27.860Z,true,125165,99743,436,0,0.13179165,18.973,4,0,0
agent-browser,github_repo_stars,4,claude-sonnet-4-6,2026-03-25T20:20:41.529Z,true,158613,133571,632,0,0.1434543,30.45,5,0,0
pinchtab,github_repo_stars,5,claude-sonnet-4-6,2026-03-25T20:20:54.064Z,true,124650,99013,427,0,0.1322439,17.331,4,0,0
chrome-devtools-mcp-code,github_repo_stars,1,claude-sonnet-4-6,2026-03-25T20:20:55.424Z,true,547388,513227,3137,0,0.32911485,68.691,15,0,0
chrome-devtools-mcp,github_repo_stars,4,claude-sonnet-4-6,2026-03-25T20:20:58.630Z,true,273230,250295,883,0,0.1743345,41.625,6,0,0
chrome-devtools-mcp-search,github_repo_stars,3,claude-sonnet-4-6,2026-03-25T20:20:59.991Z,false,29973,8603,0,0,0.08271690000000001,30.753,0,0,0
agent-browser,github_repo_stars,5,claude-sonnet-4-6,2026-03-25T20:21:06.727Z,true,127123,101930,506,0,0.13263899999999998,16.922,4,0,0
chrome-devtools-mcp-search,github_repo_stars,4,claude-sonnet-4-6,2026-03-25T20:21:22.660Z,false,29969,8603,0,0,0.0827019,12.931,0,0,0
chrome-devtools-mcp,github_repo_stars,5,claude-sonnet-4-6,2026-03-25T20:21:25.675Z,true,227796,204341,768,0,0.16077405,22.57,5,0,0
agent-browser,httpbin_page_read,1,claude-sonnet-4-6,2026-03-25T20:21:34.205Z,true,93361,70107,401,0,0.11424659999999999,17.273,3,0,0
pinchtab,httpbin_page_read,1,claude-sonnet-4-6,2026-03-25T20:21:44.979Z,false,61326,38550,303,0,0.10151775,13.509,2,0,0
chrome-devtools-mcp-search,github_repo_stars,5,claude-sonnet-4-6,2026-03-25T20:21:55.580Z,false,29967,8603,1,0,0.0827094,22.168,0,0,0
chrome-devtools-mcp,httpbin_page_read,1,claude-sonnet-4-6,2026-03-25T20:22:04.437Z,true,135787,113387,360,0,0.12341309999999998,27.429,3,0,0
agent-browser,httpbin_page_read,2,claude-sonnet-4-6,2026-03-25T20:22:06.292Z,true,93352,69915,401,0,0.11487525,15.867,3,0,0
pinchtab,httpbin_page_read,2,claude-sonnet-4-6,2026-03-25T20:22:18.739Z,true,91621,68745,400,0,0.11240549999999998,15.953,3,0,0
chrome-devtools-mcp-search,httpbin_page_read,1,claude-sonnet-4-6,2026-03-25T20:22:29.000Z,true,121509,95965,420,0,0.13087575,22.516,4,0,0
chrome-devtools-mcp-code,github_repo_stars,2,claude-sonnet-4-6,2026-03-25T20:22:36.390Z,true,511350,478866,2629,0,0.3048985500000001,95.3,14,0,0
chrome-devtools-mcp,httpbin_page_read,2,claude-sonnet-4-6,2026-03-25T20:22:40.578Z,true,137386,114989,360,0,0.12388245,15.341,3,0,0
agent-browser,httpbin_page_read,3,claude-sonnet-4-6,2026-03-25T20:22:43.324Z,true,93341,69909,400,0,0.11483969999999999,13.173,3,0,0
pinchtab,httpbin_page_read,3,claude-sonnet-4-6,2026-03-25T20:22:49.428Z,true,91620,68479,399,0,0.11330445,18.847,3,0,0
chrome-devtools-mcp-search,httpbin_page_read,2,claude-sonnet-4-6,2026-03-25T20:22:56.334Z,true,123106,99932,471,0,0.12394184999999999,18.42,4,0,0
chrome-devtools-mcp,httpbin_page_read,3,claude-sonnet-4-6,2026-03-25T20:23:10.538Z,true,137377,114812,360,0,0.12445935,15.908,3,0,0
pinchtab,httpbin_page_read,4,claude-sonnet-4-6,2026-03-25T20:23:17.745Z,true,61331,38538,331,0,0.1019979,13.936,2,0,0
chrome-devtools-mcp-search,httpbin_page_read,3,claude-sonnet-4-6,2026-03-25T20:23:22.549Z,true,153595,129967,585,0,0.13636410000000002,20.265,5,0,0
agent-browser,httpbin_page_read,4,claude-sonnet-4-6,2026-03-25T20:23:25.592Z,true,93310,69903,396,0,0.11468415000000001,25.721,3,0,0
chrome-devtools-mcp,httpbin_page_read,4,claude-sonnet-4-6,2026-03-25T20:23:38.313Z,true,137368,114977,354,0,0.12376635000000001,15.589,3,0,0
chrome-devtools-mcp-code,github_repo_stars,3,claude-sonnet-4-6,2026-03-25T20:23:38.514Z,true,393743,363908,2312,0,0.25572465,54.115,11,0,0
pinchtab,httpbin_page_read,5,claude-sonnet-4-6,2026-03-25T20:23:40.604Z,true,61302,38537,304,0,0.1014876,9.999,2,0,0
chrome-devtools-mcp-search,httpbin_page_read,4,claude-sonnet-4-6,2026-03-25T20:23:55.220Z,true,153670,130168,600,0,0.1361769,20.99,5,0,0
agent-browser,httpbin_page_read,5,claude-sonnet-4-6,2026-03-25T20:23:55.993Z,true,93325,70083,411,0,0.11434440000000001,12.818,3,0,0
chrome-devtools-mcp,httpbin_page_read,5,claude-sonnet-4-6,2026-03-25T20:24:03.254Z,true,137275,112281,311,0,0.1320738,12.617,3,0,0
chrome-devtools-mcp-code,github_repo_stars,4,claude-sonnet-4-6,2026-03-25T20:24:10.337Z,true,170287,140248,778,0,0.16638615,27.069,5,0,0
pinchtab,wikipedia_table_read,1,claude-sonnet-4-6,2026-03-25T20:24:14.545Z,true,191273,165682,1052,0,0.16144560000000002,29.092,6,0,0
agent-browser,wikipedia_table_read,1,claude-sonnet-4-6,2026-03-25T20:24:17.323Z,true,126468,102034,620,0,0.13153394999999998,16.002,4,0,0
agent-browser,wikipedia_table_read,2,claude-sonnet-4-6,2026-03-25T20:24:37.178Z,true,126771,101836,524,0,0.1319133,13.56,4,0,0
chrome-devtools-mcp-code,github_repo_stars,5,claude-sonnet-4-6,2026-03-25T20:24:39.272Z,true,169586,139890,767,0,0.1648275,23.354,5,0,0
chrome-devtools-mcp,wikipedia_table_read,1,claude-sonnet-4-6,2026-03-25T20:24:40.263Z,true,181219,158807,1097,0,0.14813834999999997,26.864,4,0,0
chrome-devtools-mcp-search,httpbin_page_read,5,claude-sonnet-4-6,2026-03-25T20:24:55.598Z,true,153663,130165,607,0,0.136266,20.118,5,0,0
chrome-devtools-mcp,wikipedia_table_read,2,claude-sonnet-4-6,2026-03-25T20:25:09.242Z,true,229995,207174,840,0,0.16032644999999998,24.565,5,0,0
chrome-devtools-mcp-code,httpbin_page_read,1,claude-sonnet-4-6,2026-03-25T20:25:09.484Z,true,92717,69616,554,0,0.11582055000000001,13.422,3,0,0
pinchtab,wikipedia_table_read,2,claude-sonnet-4-6,2026-03-25T20:25:19.413Z,true,222276,197582,1290,0,0.17122109999999996,60.308,7,0,0
agent-browser,wikipedia_table_read,3,claude-sonnet-4-6,2026-03-25T20:25:27.552Z,true,197296,169563,1860,0,0.1827624,45.388,6,0,0
chrome-devtools-mcp-search,wikipedia_table_read,1,claude-sonnet-4-6,2026-03-25T20:25:36.955Z,true,251439,227312,1407,0,0.1797651,36.215,8,0,0
chrome-devtools-mcp-code,httpbin_page_read,2,claude-sonnet-4-6,2026-03-25T20:25:41.024Z,true,92717,69616,554,0,0.11582055000000001,16.437,3,0,0
chrome-devtools-mcp,wikipedia_table_read,3,claude-sonnet-4-6,2026-03-25T20:25:43.180Z,true,229625,207112,1042,0,0.16218285,30.161,5,0,0
agent-browser,wikipedia_table_read,4,claude-sonnet-4-6,2026-03-25T20:25:48.379Z,true,126808,101824,661,0,0.13414845,15.579,4,0,0
pinchtab,wikipedia_table_read,3,claude-sonnet-4-6,2026-03-25T20:25:48.926Z,true,156184,131890,852,0,0.14344500000000002,24.084,5,0,0
chrome-devtools-mcp-code,httpbin_page_read,3,claude-sonnet-4-6,2026-03-25T20:26:06.760Z,true,92708,69610,554,0,0.11580750000000001,13.916,3,0,0
agent-browser,wikipedia_table_read,5,claude-sonnet-4-6,2026-03-25T20:26:09.768Z,true,126787,101809,655,0,0.13403145,15.187,4,0,0
chrome-devtools-mcp,wikipedia_table_read,4,claude-sonnet-4-6,2026-03-25T20:26:19.697Z,true,230178,207166,1035,0,0.16396529999999998,32.331,5,0,0
pinchtab,wikipedia_table_read,4,claude-sonnet-4-6,2026-03-25T20:26:27.695Z,true,188141,163232,939,0,0.1564581,23.029,6,0,0
chrome-devtools-mcp-code,httpbin_page_read,4,claude-sonnet-4-6,2026-03-25T20:26:34.350Z,true,92696,69602,554,0,0.11579009999999999,16.356,3,0,0
chrome-devtools-mcp,wikipedia_table_read,5,claude-sonnet-4-6,2026-03-25T20:26:54.378Z,true,230143,207233,1276,0,0.1672179,30.177,5,0,0
chrome-devtools-mcp-search,wikipedia_table_read,2,claude-sonnet-4-6,2026-03-25T20:26:57.779Z,true,470402,440680,3107,0,0.2902537500000001,75.98,14,0,0
chrome-devtools-mcp-code,httpbin_page_read,5,claude-sonnet-4-6,2026-03-25T20:27:02.280Z,true,92675,69592,548,0,0.11565585,13.509,3,0,0
agent-browser,wikipedia_link_follow,1,claude-sonnet-4-6,2026-03-25T20:27:05.716Z,true,260851,233809,995,0,0.18646844999999998,48.531,8,0,0
pinchtab,wikipedia_table_read,5,claude-sonnet-4-6,2026-03-25T20:27:26.596Z,true,221804,196299,1459,0,0.17641245,54.648,7,0,0
chrome-devtools-mcp,wikipedia_link_follow,1,claude-sonnet-4-6,2026-03-25T20:27:28.277Z,true,371000,347612,1162,0,0.20941185,29.952,8,0,0
chrome-devtools-mcp-search,wikipedia_table_read,3,claude-sonnet-4-6,2026-03-25T20:27:42.065Z,true,325614,296389,1701,0,0.22401420000000002,39.522,10,0,0
agent-browser,wikipedia_link_follow,2,claude-sonnet-4-6,2026-03-25T20:27:42.371Z,true,260972,235250,999,0,0.18201075,30.699,8,0,0
chrome-devtools-mcp-code,wikipedia_table_read,1,claude-sonnet-4-6,2026-03-25T20:28:05.506Z,true,428668,401718,2781,0,0.26328239999999997,58.028,13,0,0
pinchtab,wikipedia_link_follow,1,claude-sonnet-4-6,2026-03-25T20:28:11.435Z,true,314783,289963,1232,0,0.19853565000000004,39.95,10,0,0
agent-browser,wikipedia_link_follow,3,claude-sonnet-4-6,2026-03-25T20:28:17.696Z,true,227157,201329,826,0,0.1696377,28.577,7,0,0
agent-browser,wikipedia_link_follow,4,claude-sonnet-4-6,2026-03-25T20:28:53.742Z,true,226799,201070,804,0,0.16885874999999997,31.154,7,0,0
pinchtab,wikipedia_link_follow,2,claude-sonnet-4-6,2026-03-25T20:28:57.319Z,true,318109,291965,1367,0,0.20612625,38.959,10,0,0
chrome-devtools-mcp-code,wikipedia_table_read,2,claude-sonnet-4-6,2026-03-25T20:29:09.494Z,true,290509,263556,2835,0,0.22265805,59.03,9,0,0
chrome-devtools-mcp,wikipedia_link_follow,2,claude-sonnet-4-6,2026-03-25T20:29:10.257Z,true,370161,346820,873,0,0.20466299999999998,96.677,8,0,0
chrome-devtools-mcp-search,wikipedia_table_read,4,claude-sonnet-4-6,2026-03-25T20:29:13.270Z,true,503146,473248,3741,0,0.3101933999999999,85.708,15,0,0
agent-browser,wikipedia_link_follow,5,claude-sonnet-4-6,2026-03-25T20:29:34.809Z,true,260762,234851,983,0,0.1823598,36.099,8,0,0
pinchtab,wikipedia_link_follow,3,claude-sonnet-4-6,2026-03-25T20:29:42.827Z,true,315918,290280,1211,0,0.20138325000000004,40.114,10,0,0
chrome-devtools-mcp-code,wikipedia_table_read,3,claude-sonnet-4-6,2026-03-25T20:30:12.941Z,true,354318,328489,3633,0,0.24989144999999996,58.742,11,0,0
chrome-devtools-mcp,wikipedia_link_follow,3,claude-sonnet-4-6,2026-03-25T20:30:18.620Z,true,416507,393347,1004,0,0.21990659999999998,63.246,9,0,0
pinchtab,wikipedia_link_follow,4,claude-sonnet-4-6,2026-03-25T20:30:27.436Z,true,313750,289290,1272,0,0.19758374999999997,40.24,10,0,0
chrome-devtools-mcp-search,wikipedia_table_read,5,claude-sonnet-4-6,2026-03-25T20:30:55.175Z,true,502050,471950,3374,0,0.30505650000000006,95.792,15,0,0
agent-browser,github_navigate_to_file,1,claude-sonnet-4-6,2026-03-25T20:30:57.218Z,false,328199,300807,1890,0,0.22130385,60.32,10,0,0
chrome-devtools-mcp,wikipedia_link_follow,4,claude-sonnet-4-6,2026-03-25T20:30:57.363Z,true,417376,394022,987,0,0.2205816,33.071,9,0,0
chrome-devtools-mcp-code,wikipedia_table_read,4,claude-sonnet-4-6,2026-03-25T20:31:08.044Z,true,321251,296022,2508,0,0.22102709999999995,51.106,10,0,0
pinchtab,wikipedia_link_follow,5,claude-sonnet-4-6,2026-03-25T20:31:27.455Z,true,316039,290123,1272,0,0.20329365,55.239,10,0,0
chrome-devtools-mcp,wikipedia_link_follow,5,claude-sonnet-4-6,2026-03-25T20:31:39.621Z,true,369817,346593,996,0,0.20600115,38.503,8,0,0
chrome-devtools-mcp-search,wikipedia_link_follow,1,claude-sonnet-4-6,2026-03-25T20:31:50.212Z,true,386362,359911,1574,0,0.23076030000000003,49.079,12,0,0
chrome-devtools-mcp-code,wikipedia_table_read,5,claude-sonnet-4-6,2026-03-25T20:32:14.453Z,true,422051,396057,2836,0,0.25882409999999995,62.113,13,0,0
chrome-devtools-mcp-search,wikipedia_link_follow,2,claude-sonnet-4-6,2026-03-25T20:32:42.110Z,true,406778,375986,1801,0,0.25526655000000004,47.757,12,0,0
chrome-devtools-mcp-code,wikipedia_link_follow,1,claude-sonnet-4-6,2026-03-25T20:32:52.890Z,true,226130,199873,1230,0,0.17686965,34.104,7,0,0
pinchtab,github_navigate_to_file,1,claude-sonnet-4-6,2026-03-25T20:32:56.011Z,false,324462,297218,2090,0,0.22267215,67.106,10,0,0
chrome-devtools-mcp,github_navigate_to_file,1,claude-sonnet-4-6,2026-03-25T20:32:59.252Z,false,278637,253768,770,0,0.18093389999999998,37.409,6,0,0
agent-browser,github_navigate_to_file,2,claude-sonnet-4-6,2026-03-25T20:33:27.114Z,true,581438,551673,3971,0,0.33667215,124.049,17,0,0
chrome-devtools-mcp-search,wikipedia_link_follow,3,claude-sonnet-4-6,2026-03-25T20:33:38.926Z,true,402200,372205,1953,0,0.2534235,52.109,12,0,0
chrome-devtools-mcp-code,wikipedia_link_follow,2,claude-sonnet-4-6,2026-03-25T20:34:16.216Z,false,290426,264898,1812,0,0.20237189999999997,56.732,9,0,0
chrome-devtools-mcp,github_navigate_to_file,2,claude-sonnet-4-6,2026-03-25T20:34:30.258Z,false,272534,249872,862,0,0.17286885000000002,43.357,6,0,0
chrome-devtools-mcp-search,wikipedia_link_follow,4,claude-sonnet-4-6,2026-03-25T20:34:32.721Z,true,458026,430242,1985,0,0.26302335,49.555,14,0,0
pinchtab,github_navigate_to_file,2,claude-sonnet-4-6,2026-03-25T20:35:06.383Z,false,439363,409216,3845,0,0.29348054999999995,96.518,13,0,0
agent-browser,github_navigate_to_file,3,claude-sonnet-4-6,2026-03-25T20:35:12.194Z,false,291481,265383,1341,0,0.19758989999999998,64.689,9,0,0
chrome-devtools-mcp-code,wikipedia_link_follow,3,claude-sonnet-4-6,2026-03-25T20:35:17.942Z,false,289582,263464,1996,0,0.20691420000000002,44.999,9,0,0
chrome-devtools-mcp-search,wikipedia_link_follow,5,claude-sonnet-4-6,2026-03-25T20:35:32.535Z,true,424424,365275,2124,0,0.36323774999999997,54.018,13,0,0
chrome-devtools-mcp,github_navigate_to_file,3,claude-sonnet-4-6,2026-03-25T20:36:25.025Z,false,371307,347133,1055,0,0.21061065,54.604,8,0,0
agent-browser,github_navigate_to_file,4,claude-sonnet-4-6,2026-03-25T20:36:30.610Z,true,326368,299884,1630,0,0.21372195000000002,72.212,10,0,0
pinchtab,github_navigate_to_file,3,claude-sonnet-4-6,2026-03-25T20:36:34.099Z,false,187346,162265,713,0,0.15342300000000003,34.021,6,0,0
chrome-devtools-mcp-search,github_navigate_to_file,1,claude-sonnet-4-6,2026-03-25T20:36:37.233Z,false,319796,294852,1411,0,0.20314785,48.606,10,0,0
chrome-devtools-mcp-code,wikipedia_link_follow,4,claude-sonnet-4-6,2026-03-25T20:36:49.329Z,true,448893,417984,2930,0,0.28524345,69.359,13,0,0
chrome-devtools-mcp-search,github_navigate_to_file,2,claude-sonnet-4-6,2026-03-25T20:37:03.019Z,false,29923,8603,0,0,0.0825294,15.294,0,0,0
chrome-devtools-mcp-search,github_navigate_to_file,3,claude-sonnet-4-6,2026-03-25T20:37:36.008Z,false,29923,8603,0,0,0.0825294,17.966,0,0,0
chrome-devtools-mcp-code,wikipedia_link_follow,5,claude-sonnet-4-6,2026-03-25T20:37:50.240Z,true,310907,274149,1589,0,0.24391544999999998,45.452,8,0,0
chrome-devtools-mcp,github_navigate_to_file,4,claude-sonnet-4-6,2026-03-25T20:38:00.455Z,false,567356,540723,1701,0,0.28759440000000003,63.082,12,0,0
chrome-devtools-mcp-search,github_navigate_to_file,4,claude-sonnet-4-6,2026-03-25T20:38:07.265Z,false,29923,8603,0,0,0.0825294,15.432,0,0,0
pinchtab,github_navigate_to_file,4,claude-sonnet-4-6,2026-03-25T20:38:14.403Z,false,360472,332564,2544,0,0.24257519999999996,68.671,11,0,0
agent-browser,github_navigate_to_file,5,claude-sonnet-4-6,2026-03-25T20:38:30.139Z,false,476110,445817,3779,0,0.3040176,89.837,14,0,0
chrome-devtools-mcp,github_navigate_to_file,5,claude-sonnet-4-6,2026-03-25T20:39:01.201Z,false,230327,206622,594,0,0.15978585,25.345,5,0,0
pinchtab,github_navigate_to_file,5,claude-sonnet-4-6,2026-03-25T20:39:16.374Z,true,187279,162215,703,0,0.15319424999999998,39.258,6,0,0
agent-browser,wikipedia_infobox_hop,1,claude-sonnet-4-6,2026-03-25T20:39:25.293Z,true,364291,336445,1188,0,0.22316699999999998,49.896,11,0,0
chrome-devtools-mcp-search,github_navigate_to_file,5,claude-sonnet-4-6,2026-03-25T20:39:31.427Z,true,354689,328349,2691,0,0.23763269999999997,58.021,11,0,0
chrome-devtools-mcp,wikipedia_infobox_hop,1,claude-sonnet-4-6,2026-03-25T20:39:34.370Z,true,276822,253913,970,0,0.17662740000000002,28.544,6,0,0
chrome-devtools-mcp-search,wikipedia_infobox_hop,1,claude-sonnet-4-6,2026-03-25T20:39:54.020Z,false,29945,8603,8,0,0.08273190000000001,14.999,0,0,0
agent-browser,wikipedia_infobox_hop,2,claude-sonnet-4-6,2026-03-25T20:40:09.395Z,true,367267,339987,1269,0,0.22332210000000002,37.639,11,0,0
chrome-devtools-mcp,wikipedia_infobox_hop,2,claude-sonnet-4-6,2026-03-25T20:40:12.076Z,true,374936,350621,1104,0,0.2129208,31.468,8,0,0
chrome-devtools-mcp-code,github_navigate_to_file,1,claude-sonnet-4-6,2026-03-25T20:40:52.495Z,false,690001,657462,4901,0,0.39275984999999997,139.81,19,0,0
chrome-devtools-mcp-search,wikipedia_infobox_hop,2,claude-sonnet-4-6,2026-03-25T20:40:55.731Z,true,359799,332414,1605,0,0.22647645000000002,53.743,11,0,0
agent-browser,wikipedia_infobox_hop,3,claude-sonnet-4-6,2026-03-25T20:40:56.424Z,true,366609,339283,1127,0,0.2211534,36.709,11,0,0
chrome-devtools-mcp,wikipedia_infobox_hop,3,claude-sonnet-4-6,2026-03-25T20:41:07.825Z,true,371171,347797,1141,0,0.20909985,51.223,8,0,0
pinchtab,wikipedia_infobox_hop,1,claude-sonnet-4-6,2026-03-25T20:41:12.649Z,true,656387,626861,3463,0,0.35071079999999993,101.738,19,0,0
agent-browser,wikipedia_infobox_hop,4,claude-sonnet-4-6,2026-03-25T20:41:51.045Z,true,366561,338858,1188,0,0.22335464999999996,48.144,11,0,0
chrome-devtools-mcp-search,wikipedia_infobox_hop,3,claude-sonnet-4-6,2026-03-25T20:42:04.053Z,true,371772,328155,1532,0,0.28497525,60.835,11,0,0
chrome-devtools-mcp,wikipedia_infobox_hop,4,claude-sonnet-4-6,2026-03-25T20:42:04.638Z,true,326778,302837,1256,0,0.19946385,49.858,7,0,0
pinchtab,wikipedia_infobox_hop,2,claude-sonnet-4-6,2026-03-25T20:42:12.524Z,true,396779,369515,1749,0,0.23931974999999997,54.807,12,0,0
chrome-devtools-mcp-search,wikipedia_infobox_hop,4,claude-sonnet-4-6,2026-03-25T20:42:29.783Z,false,29933,8603,0,0,0.0825669,14.271,0,0,0
agent-browser,wikipedia_infobox_hop,5,claude-sonnet-4-6,2026-03-25T20:42:36.866Z,true,368486,340380,1262,0,0.2264325,41.458,11,0,0
chrome-devtools-mcp,wikipedia_infobox_hop,5,claude-sonnet-4-6,2026-03-25T20:42:37.177Z,true,320231,296658,945,0,0.19156515,27.448,7,0,0
chrome-devtools-mcp,multi_page_comparison,1,claude-sonnet-4-6,2026-03-25T20:43:03.802Z,true,272262,249742,642,0,0.16899735,21.116,6,0,0
agent-browser,multi_page_comparison,1,claude-sonnet-4-6,2026-03-25T20:43:12.329Z,true,223908,199418,616,0,0.16089689999999998,29.734,7,0,0
pinchtab,wikipedia_infobox_hop,3,claude-sonnet-4-6,2026-03-25T20:43:27.455Z,true,431557,404028,1904,0,0.25299164999999996,66.87,13,0,0
chrome-devtools-mcp,multi_page_comparison,2,claude-sonnet-4-6,2026-03-25T20:43:33.698Z,true,322389,299325,883,0,0.1895265,25.677,7,0,0
chrome-devtools-mcp-search,wikipedia_infobox_hop,5,claude-sonnet-4-6,2026-03-25T20:43:35.017Z,true,423199,371712,1760,0,0.3309756,60.119,12,0,0
agent-browser,multi_page_comparison,2,claude-sonnet-4-6,2026-03-25T20:43:40.941Z,true,193893,167122,634,0,0.1600326,20.601,6,0,0
chrome-devtools-mcp,multi_page_comparison,3,claude-sonnet-4-6,2026-03-25T20:44:00.194Z,true,272393,249987,710,0,0.16966335,20.562,6,0,0
chrome-devtools-mcp-code,github_navigate_to_file,2,claude-sonnet-4-6,2026-03-25T20:44:00.871Z,false,690035,657768,4921,0,0.39213165,156.367,19,0,0
agent-browser,multi_page_comparison,3,claude-sonnet-4-6,2026-03-25T20:44:19.257Z,true,289967,264573,1400,0,0.1955919,34.294,9,0,0
chrome-devtools-mcp,multi_page_comparison,4,claude-sonnet-4-6,2026-03-25T20:44:26.428Z,true,275579,253012,672,0,0.1706046,21.203,6,0,0
chrome-devtools-mcp-search,multi_page_comparison,1,claude-sonnet-4-6,2026-03-25T20:44:37.310Z,true,384016,358564,1837,0,0.23055494999999998,57.601,12,0,0
pinchtab,wikipedia_infobox_hop,4,claude-sonnet-4-6,2026-03-25T20:44:48.479Z,true,568949,540915,2143,0,0.2995335,76.319,17,0,0
agent-browser,multi_page_comparison,4,claude-sonnet-4-6,2026-03-25T20:44:52.666Z,true,254882,229714,778,0,0.17495745,27.119,8,0,0
chrome-devtools-mcp-search,multi_page_comparison,2,claude-sonnet-4-6,2026-03-25T20:45:18.424Z,true,314200,289935,1259,0,0.1968495,36.833,10,0,0
agent-browser,multi_page_comparison,5,claude-sonnet-4-6,2026-03-25T20:45:22.852Z,true,192860,167465,925,0,0.15934050000000002,23.808,6,0,0
chrome-devtools-mcp,multi_page_comparison,5,claude-sonnet-4-6,2026-03-25T20:45:26.600Z,true,511597,488021,1505,0,0.25738079999999997,55.578,11,0,0
chrome-devtools-mcp-code,github_navigate_to_file,3,claude-sonnet-4-6,2026-03-25T20:45:40.565Z,false,301805,273361,1568,0,0.21218579999999998,75.363,9,0,0
pinchtab,wikipedia_infobox_hop,5,claude-sonnet-4-6,2026-03-25T20:45:46.583Z,true,360327,333702,1636,0,0.22448535000000003,53.189,11,0,0
agent-browser,wikipedia_search_click,1,claude-sonnet-4-6,2026-03-25T20:45:49.762Z,true,192765,166036,487,0,0.15734429999999996,18.645,6,0,0
chrome-devtools-mcp,wikipedia_search_click,1,claude-sonnet-4-6,2026-03-25T20:45:59.768Z,true,415232,391254,830,0,0.2197362,29.418,9,0,0
chrome-devtools-mcp-search,multi_page_comparison,3,claude-sonnet-4-6,2026-03-25T20:46:12.045Z,true,453021,426826,2108,0,0.25788479999999997,49.675,14,0,0
agent-browser,wikipedia_search_click,2,claude-sonnet-4-6,2026-03-25T20:46:17.983Z,true,225873,197501,757,0,0.17699429999999997,23.476,7,0,0
pinchtab,multi_page_comparison,1,claude-sonnet-4-6,2026-03-25T20:46:26.107Z,true,321141,292447,1559,0,0.21871335000000003,34.958,10,0,0
chrome-devtools-mcp,wikipedia_search_click,2,claude-sonnet-4-6,2026-03-25T20:46:35.218Z,true,420168,395737,933,0,0.22432485000000002,30.854,9,0,0
agent-browser,wikipedia_search_click,3,claude-sonnet-4-6,2026-03-25T20:46:42.220Z,true,225877,198218,718,0,0.17395064999999998,19.649,7,0,0
pinchtab,multi_page_comparison,2,claude-sonnet-4-6,2026-03-25T20:46:56.320Z,true,185803,162263,680,0,0.14714865,24.858,6,0,0
chrome-devtools-mcp-search,multi_page_comparison,4,claude-sonnet-4-6,2026-03-25T20:47:01.088Z,true,424730,393971,1854,0,0.26133255,44.86,13,0,0
chrome-devtools-mcp,wikipedia_search_click,3,claude-sonnet-4-6,2026-03-25T20:47:11.128Z,true,371641,348080,754,0,0.20408099999999998,31.278,8,0,0
agent-browser,wikipedia_search_click,4,claude-sonnet-4-6,2026-03-25T20:47:13.675Z,true,223706,197412,761,0,0.1692351,27.716,7,0,0
pinchtab,multi_page_comparison,3,claude-sonnet-4-6,2026-03-25T20:47:21.864Z,true,154078,130670,570,0,0.13552650000000002,20.262,5,0,0
chrome-devtools-mcp-search,multi_page_comparison,5,claude-sonnet-4-6,2026-03-25T20:47:47.066Z,true,348009,323569,1588,0,0.2125272,41.913,11,0,0
agent-browser,wikipedia_search_click,5,claude-sonnet-4-6,2026-03-25T20:47:47.689Z,true,223667,198090,756,0,0.16667475,29.577,7,0,0
chrome-devtools-mcp,wikipedia_search_click,4,claude-sonnet-4-6,2026-03-25T20:47:54.468Z,true,419910,396052,728,0,0.2191956,38.284,9,0,0
pinchtab,multi_page_comparison,4,claude-sonnet-4-6,2026-03-25T20:47:57.691Z,true,185744,162221,676,0,0.1470123,18.944,6,0,0
pinchtab,multi_page_comparison,5,claude-sonnet-4-6,2026-03-25T20:48:21.341Z,true,154038,130636,575,0,0.1355688,19.608,5,0,0
chrome-devtools-mcp-code,github_navigate_to_file,4,claude-sonnet-4-6,2026-03-25T20:48:26.733Z,false,409746,381282,2631,0,0.26057984999999995,116.204,12,0,0
chrome-devtools-mcp,wikipedia_search_click,5,claude-sonnet-4-6,2026-03-25T20:48:36.910Z,true,367111,343644,746,0,0.2022777,36.949,8,0,0
agent-browser,wikipedia_deep_extraction,1,claude-sonnet-4-6,2026-03-25T20:48:38.358Z,true,266625,237851,1405,0,0.20032605,38.311,8,0,0
chrome-devtools-mcp-search,wikipedia_search_click,1,claude-sonnet-4-6,2026-03-25T20:48:54.644Z,false,29881,8603,8,0,0.08249189999999999,52.076,0,0,0
chrome-devtools-mcp,wikipedia_deep_extraction,1,claude-sonnet-4-6,2026-03-25T20:49:17.783Z,true,183771,160906,977,0,0.1486668,22.303,4,0,0
agent-browser,wikipedia_deep_extraction,2,claude-sonnet-4-6,2026-03-25T20:49:27.215Z,true,264652,237324,1496,0,0.19611045,33.139,8,0,0
pinchtab,wikipedia_search_click,1,claude-sonnet-4-6,2026-03-25T20:49:53.251Z,true,382033,356166,2039,0,0.23442630000000003,87.664,12,0,0
chrome-devtools-mcp-search,wikipedia_search_click,2,claude-sonnet-4-6,2026-03-25T20:49:54.885Z,true,388608,362024,1662,0,0.23321295,50.929,12,0,0
agent-browser,wikipedia_deep_extraction,3,claude-sonnet-4-6,2026-03-25T20:50:01.918Z,true,196302,169491,942,0,0.1655133,30.109,6,0,0
chrome-devtools-mcp,wikipedia_deep_extraction,2,claude-sonnet-4-6,2026-03-25T20:50:06.824Z,true,280459,255496,1829,0,0.1976898,36.478,6,0,0
chrome-devtools-mcp-code,github_navigate_to_file,5,claude-sonnet-4-6,2026-03-25T20:50:08.844Z,false,335005,307990,1733,0,0.21968999999999997,74.843,10,0,0
chrome-devtools-mcp-search,wikipedia_search_click,3,claude-sonnet-4-6,2026-03-25T20:50:18.831Z,false,29876,8603,1,0,0.08236815,14.244,0,0,0
pinchtab,wikipedia_search_click,2,claude-sonnet-4-6,2026-03-25T20:50:28.381Z,true,282911,257119,1272,0,0.1929282,30.231,9,0,0
chrome-devtools-mcp-code,wikipedia_infobox_hop,1,claude-sonnet-4-6,2026-03-25T20:50:46.153Z,true,254524,221853,1271,0,0.20813115000000004,32.098,7,0,0
agent-browser,wikipedia_deep_extraction,4,claude-sonnet-4-6,2026-03-25T20:50:48.688Z,true,203332,173483,1401,0,0.1849884,33.401,6,0,0
chrome-devtools-mcp-search,wikipedia_search_click,4,claude-sonnet-4-6,2026-03-25T20:51:04.721Z,true,322251,295703,899,0,0.20173965,42.361,10,0,0
chrome-devtools-mcp,wikipedia_deep_extraction,3,claude-sonnet-4-6,2026-03-25T20:51:14.647Z,false,379204,352685,2696,0,0.24568500000000001,47.784,8,0,0
chrome-devtools-mcp-search,wikipedia_search_click,5,claude-sonnet-4-6,2026-03-25T20:51:49.688Z,true,325718,299456,1428,0,0.20972954999999996,40.042,10,0,0
pinchtab,wikipedia_search_click,3,claude-sonnet-4-6,2026-03-25T20:51:51.721Z,true,413226,387792,1716,0,0.23744459999999998,78.949,13,0,0
chrome-devtools-mcp,wikipedia_deep_extraction,4,claude-sonnet-4-6,2026-03-25T20:52:01.965Z,true,232681,208812,1529,0,0.17508285,36.58,5,0,0
chrome-devtools-mcp-code,wikipedia_infobox_hop,2,claude-sonnet-4-6,2026-03-25T20:52:04.327Z,true,502761,461145,3043,0,0.340038,71.212,13,0,0
agent-browser,wikipedia_deep_extraction,5,claude-sonnet-4-6,2026-03-25T20:52:11.969Z,true,392709,358813,2114,0,0.2664549,72.657,11,0,0
chrome-devtools-mcp-code,wikipedia_infobox_hop,3,claude-sonnet-4-6,2026-03-25T20:52:52.343Z,true,258669,222000,1321,0,0.22391774999999997,33.654,7,0,0
chrome-devtools-mcp-search,wikipedia_deep_extraction,1,claude-sonnet-4-6,2026-03-25T20:52:53.614Z,true,253413,228415,2044,0,0.19291724999999998,47.445,8,0,0
pinchtab,wikipedia_search_click,4,claude-sonnet-4-6,2026-03-25T20:52:56.551Z,true,515374,488281,2279,0,0.28225530000000004,59.564,16,0,0
chrome-devtools-mcp,wikipedia_deep_extraction,5,claude-sonnet-4-6,2026-03-25T20:52:56.608Z,true,375721,350997,2076,0,0.22914734999999997,43.176,8,0,0
agent-browser,github_issue_investigation,1,claude-sonnet-4-6,2026-03-25T20:52:56.775Z,true,197629,169080,970,0,0.17232750000000002,39.099,6,0,0
agent-browser,github_issue_investigation,2,claude-sonnet-4-6,2026-03-25T20:53:27.747Z,true,165229,136901,1056,0,0.1631358,25.113,5,0,0
chrome-devtools-mcp-code,wikipedia_infobox_hop,4,claude-sonnet-4-6,2026-03-25T20:53:32.582Z,true,260958,221862,1288,0,0.23248259999999998,34.954,7,0,0
chrome-devtools-mcp-search,wikipedia_deep_extraction,2,claude-sonnet-4-6,2026-03-25T20:53:38.148Z,true,218256,194335,1561,0,0.17141025000000001,32.72,7,0,0
pinchtab,wikipedia_search_click,5,claude-sonnet-4-6,2026-03-25T20:53:45.490Z,true,347698,322871,1318,0,0.20972354999999995,42.503,11,0,0
chrome-devtools-mcp,github_issue_investigation,1,claude-sonnet-4-6,2026-03-25T20:53:51.243Z,true,371346,346864,1769,0,0.22239495,42.146,8,0,0
agent-browser,github_issue_investigation,3,claude-sonnet-4-6,2026-03-25T20:53:56.592Z,true,159009,133614,1072,0,0.15139095,24.218,5,0,0
chrome-devtools-mcp-search,wikipedia_deep_extraction,3,claude-sonnet-4-6,2026-03-25T20:54:07.017Z,true,154142,131072,1041,0,0.1414416,24.26,5,0,0
agent-browser,github_issue_investigation,4,claude-sonnet-4-6,2026-03-25T20:54:22.793Z,true,126885,101878,832,0,0.1368159,19.9,4,0,0
chrome-devtools-mcp-search,wikipedia_deep_extraction,4,claude-sonnet-4-6,2026-03-25T20:54:30.842Z,false,29868,8603,0,0,0.08232315,12.592,0,0,0
pinchtab,wikipedia_deep_extraction,1,claude-sonnet-4-6,2026-03-25T20:54:34.400Z,true,190933,164536,1342,0,0.1684743,34.768,6,0,0
chrome-devtools-mcp-code,wikipedia_infobox_hop,5,claude-sonnet-4-6,2026-03-25T20:54:37.423Z,true,313217,282733,2223,0,0.23247240000000002,54.365,9,0,0
agent-browser,github_issue_investigation,5,claude-sonnet-4-6,2026-03-25T20:54:51.066Z,true,165206,137088,802,0,0.1585944,24.057,5,0,0
chrome-devtools-mcp,github_issue_investigation,2,claude-sonnet-4-6,2026-03-25T20:55:04.717Z,true,474474,449390,2446,0,0.26556375,61.04,10,0,0
chrome-devtools-mcp-code,multi_page_comparison,1,claude-sonnet-4-6,2026-03-25T20:55:16.361Z,true,168781,139030,1748,0,0.17949075,34.175,5,0,0
chrome-devtools-mcp-search,wikipedia_deep_extraction,5,claude-sonnet-4-6,2026-03-25T20:55:17.346Z,true,284054,259551,1407,0,0.19084455000000003,33.596,9,0,0
pinchtab,wikipedia_deep_extraction,2,claude-sonnet-4-6,2026-03-25T20:55:29.237Z,true,231127,201225,2450,0,0.209244,47.159,7,0,0
chrome-devtools-mcp-search,github_issue_investigation,1,claude-sonnet-4-6,2026-03-25T20:55:39.017Z,false,29850,8603,6,0,0.08234565,13.666,0,0,0
agent-browser,multi_site_research,1,claude-sonnet-4-6,2026-03-25T20:55:42.229Z,true,323810,295773,1187,0,0.2116674,45.135,10,0,0
chrome-devtools-mcp-code,multi_page_comparison,2,claude-sonnet-4-6,2026-03-25T20:55:45.400Z,true,135183,104820,754,0,0.15661350000000002,24.106,4,0,0
chrome-devtools-mcp-search,github_issue_investigation,2,claude-sonnet-4-6,2026-03-25T20:56:07.060Z,false,29849,8603,8,0,0.0823719,18.968,0,0,0
agent-browser,multi_site_research,2,claude-sonnet-4-6,2026-03-25T20:56:31.671Z,true,325527,298857,1116,0,0.20640134999999993,44.501,10,0,0
chrome-devtools-mcp,github_issue_investigation,3,claude-sonnet-4-6,2026-03-25T20:56:35.006Z,true,529281,501995,4042,0,0.3135405,79.906,11,0,0
pinchtab,wikipedia_deep_extraction,3,claude-sonnet-4-6,2026-03-25T20:56:40.984Z,true,221530,195016,1230,0,0.17637629999999999,53.564,7,0,0
chrome-devtools-mcp-code,multi_page_comparison,3,claude-sonnet-4-6,2026-03-25T20:57:10.319Z,true,593021,562482,4549,0,0.35148735000000003,79.053,17,0,0
chrome-devtools-mcp,github_issue_investigation,4,claude-sonnet-4-6,2026-03-25T20:57:15.503Z,true,229888,205597,1061,0,0.16868085,36.145,5,0,0
agent-browser,multi_site_research,3,claude-sonnet-4-6,2026-03-25T20:57:20.360Z,true,359364,332489,1143,0,0.21766395000000005,44.074,11,0,0
pinchtab,wikipedia_deep_extraction,4,claude-sonnet-4-6,2026-03-25T20:57:25.901Z,true,187510,162287,1331,0,0.1632321,25.318,6,0,0
chrome-devtools-mcp-search,github_issue_investigation,3,claude-sonnet-4-6,2026-03-25T20:57:32.156Z,true,429436,399242,3052,0,0.2787666,71.57,13,0,0
chrome-devtools-mcp-search,github_issue_investigation,4,claude-sonnet-4-6,2026-03-25T20:57:52.506Z,false,29841,8603,0,0,0.0822219,13.011,0,0,0
chrome-devtools-mcp,github_issue_investigation,5,claude-sonnet-4-6,2026-03-25T20:57:54.519Z,true,229154,205840,1119,0,0.16596,30.249,5,0,0
agent-browser,multi_site_research,4,claude-sonnet-4-6,2026-03-25T20:58:06.072Z,true,357581,329004,1432,0,0.22733595,39.872,11,0,0
chrome-devtools-mcp-code,multi_page_comparison,4,claude-sonnet-4-6,2026-03-25T20:58:06.194Z,true,311584,279077,2472,0,0.24269685,51.105,9,0,0
chrome-devtools-mcp-search,github_issue_investigation,5,claude-sonnet-4-6,2026-03-25T20:58:14.579Z,false,29841,8603,0,0,0.0822219,14.117,0,0,0
pinchtab,wikipedia_deep_extraction,5,claude-sonnet-4-6,2026-03-25T20:58:18.905Z,true,221174,195181,1230,0,0.17447205,39.973,7,0,0
chrome-devtools-mcp-code,multi_page_comparison,5,claude-sonnet-4-6,2026-03-25T20:58:29.161Z,true,92415,69735,760,0,0.11736750000000001,17.707,3,0,0
agent-browser,multi_site_research,5,claude-sonnet-4-6,2026-03-25T20:58:40.305Z,true,291613,265438,1055,0,0.19360514999999998,30.17,9,0,0
chrome-devtools-mcp,multi_site_research,1,claude-sonnet-4-6,2026-03-25T20:58:48.014Z,true,555775,531532,1909,0,0.27899460000000004,47.889,12,0,0
pinchtab,github_issue_investigation,1,claude-sonnet-4-6,2026-03-25T20:58:56.251Z,true,189271,164111,1445,0,0.16525304999999998,32.876,6,0,0
chrome-devtools-mcp-search,multi_site_research,1,claude-sonnet-4-6,2026-03-25T20:59:04.062Z,true,318705,294058,1764,0,0.2070924,42.63,10,0,0
agent-browser,tabular_data_analysis,1,claude-sonnet-4-6,2026-03-25T20:59:23.900Z,true,236381,205454,1168,0,0.19512644999999998,37.24,7,0,0
pinchtab,github_issue_investigation,2,claude-sonnet-4-6,2026-03-25T20:59:50.878Z,true,227236,199449,2317,0,0.19878495,43.807,7,0,0
agent-browser,tabular_data_analysis,2,claude-sonnet-4-6,2026-03-25T20:59:54.707Z,true,191985,165986,813,0,0.1594818,26.108,6,0,0
chrome-devtools-mcp,multi_site_research,2,claude-sonnet-4-6,2026-03-25T20:59:56.543Z,true,562193,537446,1728,0,0.27994379999999996,63.708,12,0,0
chrome-devtools-mcp-code,wikipedia_search_click,1,claude-sonnet-4-6,2026-03-25T21:00:03.867Z,true,637534,599020,3645,0,0.37879574999999993,88.684,16,0,0
chrome-devtools-mcp-search,multi_site_research,2,claude-sonnet-4-6,2026-03-25T21:00:13.231Z,true,462839,433807,2030,0,0.26944935,65.139,14,0,0
pinchtab,github_issue_investigation,3,claude-sonnet-4-6,2026-03-25T21:00:36.712Z,true,221702,196693,2021,0,0.18310065,37.504,7,0,0
chrome-devtools-mcp,multi_site_research,3,claude-sonnet-4-6,2026-03-25T21:00:50.194Z,true,555755,530922,1733,0,0.27838409999999997,47.967,12,0,0
agent-browser,tabular_data_analysis,3,claude-sonnet-4-6,2026-03-25T21:00:52.946Z,true,270510,236808,2225,0,0.23079314999999995,52.074,8,0,0
pinchtab,github_issue_investigation,4,claude-sonnet-4-6,2026-03-25T21:01:07.861Z,true,155786,131296,1016,0,0.1464618,23.214,5,0,0
chrome-devtools-mcp-search,multi_site_research,3,claude-sonnet-4-6,2026-03-25T21:01:31.613Z,true,477202,430652,2089,0,0.33507960000000003,72.732,13,0,0
agent-browser,tabular_data_analysis,4,claude-sonnet-4-6,2026-03-25T21:01:36.347Z,true,193450,165960,1286,0,0.17216025000000001,36.166,6,0,0
chrome-devtools-mcp,multi_site_research,4,claude-sonnet-4-6,2026-03-25T21:01:59.260Z,true,563732,539147,1827,0,0.28133159999999996,62.247,12,0,0
chrome-devtools-mcp-code,wikipedia_search_click,2,claude-sonnet-4-6,2026-03-25T21:02:00.094Z,true,956585,912815,4608,0,0.5070839999999999,109.025,23,0,0
agent-browser,tabular_data_analysis,5,claude-sonnet-4-6,2026-03-25T21:02:15.993Z,true,193699,165952,1333,0,0.1738266,33.44,6,0,0
chrome-devtools-mcp-search,multi_site_research,4,claude-sonnet-4-6,2026-03-25T21:02:32.875Z,true,458405,429364,2099,0,0.26918520000000007,55.645,14,0,0
agent-browser,navigate_404,1,claude-sonnet-4-6,2026-03-25T21:02:36.273Z,true,124031,100628,438,0,0.12451590000000001,16.234,4,0,0
agent-browser,navigate_404,2,claude-sonnet-4-6,2026-03-25T21:02:54.039Z,true,93058,69877,374,0,0.11349885000000001,13.081,3,0,0
chrome-devtools-mcp,multi_site_research,5,claude-sonnet-4-6,2026-03-25T21:03:09.057Z,true,519044,494430,1597,0,0.264576,64.895,11,0,0
chrome-devtools-mcp-code,wikipedia_search_click,3,claude-sonnet-4-6,2026-03-25T21:03:09.668Z,true,409766,364400,2235,0,0.3129585,63.277,11,0,0
agent-browser,navigate_404,3,claude-sonnet-4-6,2026-03-25T21:03:10.631Z,true,93119,69907,417,0,0.1142691,12.792,3,0,0
chrome-devtools-mcp,tabular_data_analysis,1,claude-sonnet-4-6,2026-03-25T21:03:29.444Z,true,136567,114756,456,0,0.12305504999999999,14.059,3,0,0
agent-browser,navigate_404,4,claude-sonnet-4-6,2026-03-25T21:03:33.513Z,true,123995,100546,448,0,0.12481379999999999,17.144,4,0,0
chrome-devtools-mcp,tabular_data_analysis,2,claude-sonnet-4-6,2026-03-25T21:03:50.501Z,true,134713,113121,442,0,0.1215333,16.649,3,0,0
agent-browser,navigate_404,5,claude-sonnet-4-6,2026-03-25T21:03:51.247Z,true,123880,100567,389,0,0.12342510000000001,13.1,4,0,0
chrome-devtools-mcp-search,multi_site_research,5,claude-sonnet-4-6,2026-03-25T21:04:01.022Z,true,603430,574730,2939,0,0.32411175,83.515,18,0,0
chrome-devtools-mcp,tabular_data_analysis,3,claude-sonnet-4-6,2026-03-25T21:04:10.822Z,true,134711,113115,448,0,0.12163650000000001,15.942,3,0,0
pinchtab,github_issue_investigation,5,claude-sonnet-4-6,2026-03-25T21:04:11.873Z,true,835231,787205,8227,0,0.5396475000000001,169.896,21,0,0
chrome-devtools-mcp-search,tabular_data_analysis,1,claude-sonnet-4-6,2026-03-25T21:04:26.028Z,true,153917,130837,681,0,0.13600859999999998,19.989,5,0,0
chrome-devtools-mcp,tabular_data_analysis,4,claude-sonnet-4-6,2026-03-25T21:04:31.507Z,true,136317,114719,450,0,0.12215519999999999,15.417,3,0,0
agent-browser,broken_element_interaction,1,claude-sonnet-4-6,2026-03-25T21:04:35.328Z,true,186042,163097,814,0,0.1471776,29.368,6,0,0
chrome-devtools-mcp-code,wikipedia_search_click,4,claude-sonnet-4-6,2026-03-25T21:04:38.813Z,true,552681,515510,3380,0,0.34473225,79.538,15,0,0
chrome-devtools-mcp,tabular_data_analysis,5,claude-sonnet-4-6,2026-03-25T21:04:50.536Z,true,134688,113106,420,0,0.1211613,13.696,3,0,0
chrome-devtools-mcp-search,tabular_data_analysis,2,claude-sonnet-4-6,2026-03-25T21:05:02.514Z,true,248108,223856,1029,0,0.17352555,31.268,8,0,0
pinchtab,multi_site_research,1,claude-sonnet-4-6,2026-03-25T21:05:09.205Z,true,314608,289776,1166,0,0.19753454999999995,52.413,10,0,0
agent-browser,broken_element_interaction,2,claude-sonnet-4-6,2026-03-25T21:05:12.576Z,true,186346,163410,1096,0,0.15146775,32.728,6,0,0
chrome-devtools-mcp,navigate_404,1,claude-sonnet-4-6,2026-03-25T21:05:15.778Z,true,228453,205532,499,0,0.15509384999999998,18.806,5,0,0
agent-browser,broken_element_interaction,3,claude-sonnet-4-6,2026-03-25T21:05:32.038Z,true,123401,100935,499,0,0.12200924999999999,14.132,4,0,0
chrome-devtools-mcp-search,tabular_data_analysis,3,claude-sonnet-4-6,2026-03-25T21:05:36.249Z,true,217538,193844,944,0,0.1611552,28.22,7,0,0
chrome-devtools-mcp,navigate_404,2,claude-sonnet-4-6,2026-03-25T21:05:42.740Z,true,228646,205813,540,0,0.15546315,19.501,5,0,0
agent-browser,broken_element_interaction,4,claude-sonnet-4-6,2026-03-25T21:05:51.276Z,true,123425,100949,501,0,0.12208095000000001,14.661,4,0,0
pinchtab,multi_site_research,2,claude-sonnet-4-6,2026-03-25T21:05:59.374Z,true,361704,324573,1586,0,0.26039414999999994,45.878,11,0,0
chrome-devtools-mcp-search,tabular_data_analysis,4,claude-sonnet-4-6,2026-03-25T21:06:07.626Z,true,214033,190891,822,0,0.1563723,27.126,7,0,0
chrome-devtools-mcp,navigate_404,3,claude-sonnet-4-6,2026-03-25T21:06:08.752Z,true,228495,205606,483,0,0.15475605,21.354,5,0,0
chrome-devtools-mcp-code,wikipedia_search_click,5,claude-sonnet-4-6,2026-03-25T21:06:16.009Z,true,544745,510921,3617,0,0.33435929999999997,83.967,15,0,0
agent-browser,broken_element_interaction,5,claude-sonnet-4-6,2026-03-25T21:06:20.168Z,true,154604,131988,678,0,0.1345719,23.74,5,0,0
chrome-devtools-mcp,navigate_404,4,claude-sonnet-4-6,2026-03-25T21:06:31.746Z,true,225800,202852,479,0,0.15409109999999998,16.195,5,0,0
pinchtab,multi_site_research,3,claude-sonnet-4-6,2026-03-25T21:06:52.288Z,true,362320,325583,1332,0,0.25541115000000003,46.643,9,0,0
chrome-devtools-mcp,navigate_404,5,claude-sonnet-4-6,2026-03-25T21:06:56.293Z,true,228465,205901,505,0,0.1539558,19.768,5,0,0
chrome-devtools-mcp-search,tabular_data_analysis,5,claude-sonnet-4-6,2026-03-25T21:07:07.655Z,true,396719,368482,1535,0,0.2394441,54.545,12,0,0
chrome-devtools-mcp,broken_element_interaction,1,claude-sonnet-4-6,2026-03-25T21:07:20.914Z,true,182228,160555,505,0,0.13701149999999998,19.935,4,0,0
pinchtab,multi_site_research,4,claude-sonnet-4-6,2026-03-25T21:07:40.022Z,true,383122,357094,1759,0,0.23110845,42.969,12,0,0
chrome-devtools-mcp,broken_element_interaction,2,claude-sonnet-4-6,2026-03-25T21:07:43.352Z,true,182147,160322,475,0,0.1370616,16.567,4,0,0
chrome-devtools-mcp-code,wikipedia_deep_extraction,1,claude-sonnet-4-6,2026-03-25T21:07:44.830Z,true,372852,341628,3869,0,0.2776044,76.355,11,0,0
chrome-devtools-mcp,broken_element_interaction,3,claude-sonnet-4-6,2026-03-25T21:08:06.866Z,true,182164,160519,476,0,0.13646070000000002,17.183,4,0,0
chrome-devtools-mcp-search,navigate_404,1,claude-sonnet-4-6,2026-03-25T21:08:19.621Z,false,29790,8603,8,0,0.08215065,21.636,0,0,0
chrome-devtools-mcp,broken_element_interaction,4,claude-sonnet-4-6,2026-03-25T21:08:26.968Z,true,182219,160556,492,0,0.13677930000000002,15.488,4,0,0
pinchtab,multi_site_research,5,claude-sonnet-4-6,2026-03-25T21:08:38.860Z,true,419244,392195,1676,0,0.24422174999999996,51.32,13,0,0
chrome-devtools-mcp,broken_element_interaction,5,claude-sonnet-4-6,2026-03-25T21:08:47.490Z,true,182131,160324,462,0,0.1367997,16.546,4,0,0
chrome-devtools-mcp-code,wikipedia_deep_extraction,2,claude-sonnet-4-6,2026-03-25T21:08:48.903Z,true,286038,261127,2838,0,0.21431684999999998,46.502,9,0,0
pinchtab,tabular_data_analysis,1,claude-sonnet-4-6,2026-03-25T21:09:32.653Z,true,341877,310584,2460,0,0.24741569999999993,49.042,10,0,0
chrome-devtools-mcp-search,navigate_404,2,claude-sonnet-4-6,2026-03-25T21:09:44.210Z,false,29793,8603,8,0,0.0821619,24.351,0,0,0
chrome-devtools-mcp-code,wikipedia_deep_extraction,3,claude-sonnet-4-6,2026-03-25T21:10:09.779Z,true,427391,400342,3650,0,0.27627585000000005,64.495,13,0,0
pinchtab,tabular_data_analysis,2,claude-sonnet-4-6,2026-03-25T21:10:10.273Z,true,199181,170074,1223,0,0.1785132,31.99,6,0,0
chrome-devtools-mcp-search,navigate_404,3,claude-sonnet-4-6,2026-03-25T21:10:47.329Z,false,29794,8603,0,0,0.08204565,20.787,0,0,0
chrome-devtools-mcp-code,wikipedia_deep_extraction,4,claude-sonnet-4-6,2026-03-25T21:11:07.814Z,true,360265,332040,2817,0,0.24770175,49.57,11,0,0
pinchtab,tabular_data_analysis,3,claude-sonnet-4-6,2026-03-25T21:11:10.617Z,true,377681,335675,2432,0,0.29469674999999995,54.798,10,0,0
chrome-devtools-mcp-search,navigate_404,4,claude-sonnet-4-6,2026-03-25T21:11:43.154Z,false,29791,8603,0,0,0.08203440000000001,15.376,0,0,0
chrome-devtools-mcp-code,wikipedia_deep_extraction,5,claude-sonnet-4-6,2026-03-25T21:11:55.887Z,true,218866,195119,1778,0,0.17425095,37.73,7,0,0
pinchtab,tabular_data_analysis,4,claude-sonnet-4-6,2026-03-25T21:11:56.424Z,true,306392,275356,1621,0,0.22329929999999998,41.064,9,0,0
pinchtab,tabular_data_analysis,5,claude-sonnet-4-6,2026-03-25T21:12:17.282Z,true,95892,68473,678,0,0.13353015,16.669,3,0,0
chrome-devtools-mcp-code,github_issue_investigation,1,claude-sonnet-4-6,2026-03-25T21:12:25.331Z,true,160170,132519,1071,0,0.15950745,25.131,5,0,0
pinchtab,navigate_404,1,claude-sonnet-4-6,2026-03-25T21:12:50.042Z,true,153848,129164,575,0,0.1399347,28.422,5,0,0
chrome-devtools-mcp-search,navigate_404,5,claude-sonnet-4-6,2026-03-25T21:12:56.261Z,false,29794,8603,0,0,0.08204565,19.462,0,0,0
chrome-devtools-mcp-code,github_issue_investigation,2,claude-sonnet-4-6,2026-03-25T21:13:09.509Z,true,232146,199638,1456,0,0.20363040000000002,38.634,7,0,0
pinchtab,navigate_404,2,claude-sonnet-4-6,2026-03-25T21:13:12.771Z,true,153824,129402,568,0,0.1389186,17.699,5,0,0
chrome-devtools-mcp-search,broken_element_interaction,1,claude-sonnet-4-6,2026-03-25T21:13:21.849Z,true,185797,162799,786,0,0.14686395,21.63,6,0,0
pinchtab,navigate_404,3,claude-sonnet-4-6,2026-03-25T21:13:32.734Z,true,92570,69072,439,0,0.1154211,15.819,3,0,0
chrome-devtools-mcp-search,broken_element_interaction,2,claude-sonnet-4-6,2026-03-25T21:13:51.674Z,true,187110,163498,834,0,0.15009615,25.825,6,0,0
pinchtab,navigate_404,4,claude-sonnet-4-6,2026-03-25T21:13:55.280Z,true,153831,129961,536,0,0.1365363,17.33,5,0,0
pinchtab,navigate_404,5,claude-sonnet-4-6,2026-03-25T21:14:19.391Z,true,153858,129725,568,0,0.13793175,19.944,5,0,0
chrome-devtools-mcp-code,github_issue_investigation,3,claude-sonnet-4-6,2026-03-25T21:14:20.812Z,true,398607,365827,2701,0,0.27317835,63.287,12,0,0
chrome-devtools-mcp-search,broken_element_interaction,3,claude-sonnet-4-6,2026-03-25T21:14:24.769Z,true,185670,162538,741,0,0.14661315,28.852,6,0,0
pinchtab,broken_element_interaction,1,claude-sonnet-4-6,2026-03-25T21:14:38.262Z,true,121097,98987,543,0,0.12074985,14.323,4,0,0
chrome-devtools-mcp-search,broken_element_interaction,4,claude-sonnet-4-6,2026-03-25T21:14:53.977Z,true,187025,163772,797,0,0.1482771,24.736,6,0,0
chrome-devtools-mcp-code,github_issue_investigation,4,claude-sonnet-4-6,2026-03-25T21:14:58.087Z,true,178300,142500,1047,0,0.1927005,28.478,5,0,0
pinchtab,broken_element_interaction,2,claude-sonnet-4-6,2026-03-25T21:14:59.993Z,true,121083,98440,566,0,0.12292950000000001,16.321,4,0,0
pinchtab,broken_element_interaction,3,claude-sonnet-4-6,2026-03-25T21:15:19.658Z,true,121106,98993,534,0,0.12062790000000001,13.872,4,0,0
chrome-devtools-mcp-code,github_issue_investigation,5,claude-sonnet-4-6,2026-03-25T21:15:24.248Z,true,96630,69338,639,0,0.13272840000000002,16.641,3,0,0
chrome-devtools-mcp-search,broken_element_interaction,5,claude-sonnet-4-6,2026-03-25T21:15:25.797Z,true,185759,162295,761,0,0.14808525,27.371,6,0,0
pinchtab,broken_element_interaction,4,claude-sonnet-4-6,2026-03-25T21:15:42.062Z,true,121107,98735,593,0,0.12240675000000001,18.101,4,0,0
pinchtab,broken_element_interaction,5,claude-sonnet-4-6,2026-03-25T21:16:02.009Z,true,121104,98989,573,0,0.12121920000000001,15.616,4,0,0
chrome-devtools-mcp-code,multi_site_research,1,claude-sonnet-4-6,2026-03-25T21:16:09.915Z,true,235585,208630,1906,0,0.19225425,40.861,7,0,0
chrome-devtools-mcp-code,multi_site_research,2,claude-sonnet-4-6,2026-03-25T21:17:35.531Z,true,456979,426637,3940,0,0.30086310000000005,79.272,13,0,0
chrome-devtools-mcp-code,multi_site_research,3,claude-sonnet-4-6,2026-03-25T21:18:14.919Z,true,165487,138346,1181,0,0.16099304999999997,34.552,5,0,0
chrome-devtools-mcp-code,multi_site_research,4,claude-sonnet-4-6,2026-03-25T21:18:57.123Z,true,300644,271415,1948,0,0.22024575000000002,38.303,9,0,0
chrome-devtools-mcp-code,multi_site_research,5,claude-sonnet-4-6,2026-03-25T21:19:51.289Z,true,235986,208054,1728,0,0.19307520000000003,48.336,7,0,0
chrome-devtools-mcp-code,tabular_data_analysis,1,claude-sonnet-4-6,2026-03-25T21:20:27.181Z,true,219637,195863,1842,0,0.17553539999999998,31.688,7,0,0
chrome-devtools-mcp-code,tabular_data_analysis,2,claude-sonnet-4-6,2026-03-25T21:21:14.394Z,true,285239,260272,2436,0,0.20824035000000002,42.506,9,0,0
chrome-devtools-mcp-code,tabular_data_analysis,3,claude-sonnet-4-6,2026-03-25T21:21:50.317Z,true,218947,194636,1699,0,0.17503605,31.702,7,0,0
chrome-devtools-mcp-code,tabular_data_analysis,4,claude-sonnet-4-6,2026-03-25T21:22:29.738Z,true,222097,197395,1692,0,0.177225,35.12,7,0,0
chrome-devtools-mcp-code,tabular_data_analysis,5,claude-sonnet-4-6,2026-03-25T21:23:10.559Z,true,219330,195618,1843,0,0.17524439999999997,37.145,7,0,0
chrome-devtools-mcp-code,navigate_404,1,claude-sonnet-4-6,2026-03-25T21:23:32.771Z,true,92587,69398,620,0,0.11707515,16.803,3,0,0
chrome-devtools-mcp-code,navigate_404,2,claude-sonnet-4-6,2026-03-25T21:23:53.473Z,true,92651,69429,691,0,0.11827320000000001,15.233,3,0,0
chrome-devtools-mcp-code,navigate_404,3,claude-sonnet-4-6,2026-03-25T21:24:12.890Z,true,92588,69396,649,0,0.1175208,13.946,3,0,0
chrome-devtools-mcp-code,navigate_404,4,claude-sonnet-4-6,2026-03-25T21:24:35.358Z,true,92594,69401,623,0,0.11713604999999999,16.497,3,0,0
chrome-devtools-mcp-code,navigate_404,5,claude-sonnet-4-6,2026-03-25T21:24:54.333Z,true,92601,69402,640,0,0.11741385,15.316,3,0,0
chrome-devtools-mcp-code,broken_element_interaction,1,claude-sonnet-4-6,2026-03-25T21:25:26.923Z,true,91874,69480,840,0,0.1174185,16.844,3,0,0
chrome-devtools-mcp-code,broken_element_interaction,2,claude-sonnet-4-6,2026-03-25T21:25:54.402Z,true,92172,69584,1155,0,0.1229022,23.023,3,0,0
chrome-devtools-mcp-code,broken_element_interaction,3,claude-sonnet-4-6,2026-03-25T21:26:27.896Z,true,155649,132453,1424,0,0.14807639999999997,28.429,5,0,0
chrome-devtools-mcp-code,broken_element_interaction,4,claude-sonnet-4-6,2026-03-25T21:27:18.209Z,true,219674,195883,1926,0,0.17686514999999997,37.14,7,0,0
chrome-devtools-mcp-code,broken_element_interaction,5,claude-sonnet-4-6,2026-03-25T21:28:28.953Z,true,288434,262607,2910,0,0.21927585,66.036,9,0,0
chrome-devtools-mcp-compressed-cli,read_static_page,1,claude-sonnet-4-6,2026-03-25T22:11:54.277Z,true,90758,90376,243,0,0.032187299999999995,12.257,3,0,0
chrome-devtools-mcp-compressed-cli,read_static_page,2,claude-sonnet-4-6,2026-03-25T22:12:10.546Z,true,90762,68912,245,0,0.1062831,12.693,3,0,0
chrome-devtools-mcp-compressed-cli,read_static_page,3,claude-sonnet-4-6,2026-03-25T22:12:28.835Z,true,90754,68908,241,0,0.10620689999999999,12.571,3,0,0
chrome-devtools-mcp-compressed-cli,read_static_page,4,claude-sonnet-4-6,2026-03-25T22:12:47.056Z,true,90760,68911,244,0,0.10626405,14.493,3,0,0
chrome-devtools-mcp-compressed-cli,read_static_page,5,claude-sonnet-4-6,2026-03-25T22:13:05.358Z,true,90752,68741,230,0,0.10661055,13.881,3,0,0
chrome-devtools-mcp-compressed-cli,wikipedia_fact_lookup,1,claude-sonnet-4-6,2026-03-25T22:13:29.392Z,true,90947,68961,265,0,0.1071078,18.071,3,0,0
chrome-devtools-mcp-compressed-cli,wikipedia_fact_lookup,2,claude-sonnet-4-6,2026-03-25T22:13:55.791Z,true,91027,68948,257,0,0.10733265,22.49,3,0,0
chrome-devtools-mcp-compressed-cli,wikipedia_fact_lookup,3,claude-sonnet-4-6,2026-03-25T22:14:14.516Z,true,91053,68961,270,0,0.1075803,15.105,3,0,0
chrome-devtools-mcp-compressed-cli,wikipedia_fact_lookup,4,claude-sonnet-4-6,2026-03-25T22:14:35.258Z,true,90948,68961,266,0,0.10712655000000001,16.647,3,0,0
chrome-devtools-mcp-compressed-cli,wikipedia_fact_lookup,5,claude-sonnet-4-6,2026-03-25T22:14:53.774Z,true,91144,68961,270,0,0.10792155,14.46,3,0,0
chrome-devtools-mcp-compressed-cli,github_repo_stars,1,claude-sonnet-4-6,2026-03-25T22:15:25.145Z,true,161891,134834,608,0,0.15102945,26.276,5,0,0
chrome-devtools-mcp-compressed-cli,github_repo_stars,2,claude-sonnet-4-6,2026-03-25T22:16:11.499Z,true,277096,245711,1384,0,0.21216030000000002,42.179,8,0,0
chrome-devtools-mcp-compressed-cli,github_repo_stars,3,claude-sonnet-4-6,2026-03-25T22:16:42.211Z,true,156071,132230,695,0,0.13949324999999999,26.497,5,0,0
chrome-devtools-mcp-compressed-cli,github_repo_stars,4,claude-sonnet-4-6,2026-03-25T22:17:22.586Z,true,222110,197150,1065,0,0.16871400000000003,35.793,7,0,0
chrome-devtools-mcp-compressed-cli,github_repo_stars,5,claude-sonnet-4-6,2026-03-25T22:17:55.302Z,true,189132,163799,934,0,0.15814319999999998,28.326,6,0,0
chrome-devtools-mcp-compressed-cli,httpbin_page_read,1,claude-sonnet-4-6,2026-03-25T22:18:24.889Z,true,91646,68943,421,0,0.11213115000000001,15.732,3,0,0
chrome-devtools-mcp-compressed-cli,httpbin_page_read,2,claude-sonnet-4-6,2026-03-25T22:18:49.646Z,true,91646,68943,411,0,0.11198115,14.51,3,0,0
chrome-devtools-mcp-compressed-cli,httpbin_page_read,3,claude-sonnet-4-6,2026-03-25T22:19:25.467Z,true,91646,68943,411,0,0.11198115,14.135,3,0,0
chrome-devtools-mcp-compressed-cli,httpbin_page_read,4,claude-sonnet-4-6,2026-03-25T22:19:58.079Z,true,91644,68942,417,0,0.1120671,15.537,3,0,0
chrome-devtools-mcp-compressed-cli,httpbin_page_read,5,claude-sonnet-4-6,2026-03-25T22:20:23.683Z,true,91644,68942,420,0,0.11211209999999999,15.293,3,0,0
chrome-devtools-mcp-compressed-cli,wikipedia_table_read,1,claude-sonnet-4-6,2026-03-25T22:20:44.859Z,true,125025,100215,557,0,0.13145325,16.718,4,0,0
chrome-devtools-mcp-compressed-cli,wikipedia_table_read,2,claude-sonnet-4-6,2026-03-25T22:21:07.179Z,true,125545,100007,551,0,0.13403085,18.144,4,0,0
chrome-devtools-mcp-compressed-cli,wikipedia_table_read,3,claude-sonnet-4-6,2026-03-25T22:22:04.060Z,true,344391,313577,2740,0,0.25071734999999995,52.525,10,0,0
chrome-devtools-mcp-compressed-cli,wikipedia_table_read,4,claude-sonnet-4-6,2026-03-25T22:22:48.948Z,true,322052,289858,1129,0,0.2246124,40.324,9,0,0
chrome-devtools-mcp-compressed-cli,wikipedia_table_read,5,claude-sonnet-4-6,2026-03-25T22:23:27.880Z,true,228537,200200,1118,0,0.18308775,32.642,7,0,0
chrome-devtools-mcp-compressed-cli,wikipedia_link_follow,1,claude-sonnet-4-6,2026-03-25T22:23:59.006Z,true,187824,162511,575,0,0.15229679999999998,27.087,6,0,0
chrome-devtools-mcp-compressed-cli,wikipedia_link_follow,2,claude-sonnet-4-6,2026-03-25T22:24:30.589Z,true,188379,162484,567,0,0.1543512,27.372,6,0,0
chrome-devtools-mcp-compressed-cli,wikipedia_link_follow,3,claude-sonnet-4-6,2026-03-25T22:24:58.252Z,true,188392,163833,570,0,0.1497909,23.258,6,0,0
chrome-devtools-mcp-compressed-cli,wikipedia_link_follow,4,claude-sonnet-4-6,2026-03-25T22:25:37.523Z,true,349529,312229,906,0,0.24712619999999996,33.205,9,0,0
chrome-devtools-mcp-compressed-cli,wikipedia_link_follow,5,claude-sonnet-4-6,2026-03-25T22:26:10.679Z,true,188332,163372,564,0,0.15106635,28.853,6,0,0
chrome-devtools-mcp-compressed-cli,github_navigate_to_file,1,claude-sonnet-4-6,2026-03-25T22:27:40.730Z,false,272070,242166,1291,0,0.20414805,56.556,8,0,0
chrome-devtools-mcp-compressed-cli,github_navigate_to_file,2,claude-sonnet-4-6,2026-03-25T22:30:28.000Z,false,437061,408823,1857,0,0.2563839,107.068,13,0,0
chrome-devtools-mcp-compressed-cli,github_navigate_to_file,3,claude-sonnet-4-6,2026-03-25T22:32:04.711Z,false,254014,228604,1213,0,0.18205695000000002,36.5,8,0,0
chrome-devtools-mcp-compressed-cli,github_navigate_to_file,4,claude-sonnet-4-6,2026-03-25T22:34:00.708Z,false,257132,231279,1419,0,0.1876107,55.821,8,0,0
chrome-devtools-mcp-compressed-cli,github_navigate_to_file,5,claude-sonnet-4-6,2026-03-25T22:34:49.318Z,false,187916,163504,1032,0,0.15607094999999999,33.482,6,0,0
chrome-devtools-mcp-compressed-cli,wikipedia_infobox_hop,1,claude-sonnet-4-6,2026-03-25T22:35:23.639Z,true,273628,244101,863,0,0.19689479999999998,30.102,8,0,0
chrome-devtools-mcp-compressed-cli,wikipedia_infobox_hop,2,claude-sonnet-4-6,2026-03-25T22:35:57.738Z,true,269739,241388,839,0,0.19131089999999998,29.09,8,0,0
chrome-devtools-mcp-compressed-cli,wikipedia_infobox_hop,3,claude-sonnet-4-6,2026-03-25T22:36:43.603Z,true,302267,274563,951,0,0.20051639999999998,40.303,9,0,0
chrome-devtools-mcp-compressed-cli,wikipedia_infobox_hop,4,claude-sonnet-4-6,2026-03-25T22:37:16.494Z,true,269514,241702,850,0,0.18954885,28.557,8,0,0
chrome-devtools-mcp-compressed-cli,wikipedia_infobox_hop,5,claude-sonnet-4-6,2026-03-25T22:38:08.700Z,true,314716,283844,1168,0,0.2184357,46.696,9,0,0
chrome-devtools-mcp-compressed-cli,multi_page_comparison,1,claude-sonnet-4-6,2026-03-25T22:38:44.953Z,true,226411,200054,746,0,0.17003895,31.739,7,0,0
chrome-devtools-mcp-compressed-cli,multi_page_comparison,2,claude-sonnet-4-6,2026-03-25T22:39:23.846Z,true,315752,290735,1034,0,0.196536,34.161,10,0,0
chrome-devtools-mcp-compressed-cli,multi_page_comparison,3,claude-sonnet-4-6,2026-03-25T22:39:59.673Z,true,314368,289426,995,0,0.19527704999999998,32.128,10,0,0
chrome-devtools-mcp-compressed-cli,multi_page_comparison,4,claude-sonnet-4-6,2026-03-25T22:40:39.033Z,true,218183,193846,709,0,0.16004654999999998,33.787,7,0,0
chrome-devtools-mcp-compressed-cli,multi_page_comparison,5,claude-sonnet-4-6,2026-03-25T22:41:12.561Z,true,226200,199855,721,0,0.16955924999999997,27.995,7,0,0
chrome-devtools-mcp-compressed-cli,wikipedia_search_click,1,claude-sonnet-4-6,2026-03-25T22:42:01.380Z,true,352607,323471,1125,0,0.2231673,44.132,11,0,0
chrome-devtools-mcp-compressed-cli,wikipedia_search_click,2,claude-sonnet-4-6,2026-03-25T22:42:39.528Z,true,286056,260284,953,0,0.18901769999999998,33.107,9,0,0
chrome-devtools-mcp-compressed-cli,wikipedia_search_click,3,claude-sonnet-4-6,2026-03-25T22:43:19.480Z,true,286012,259879,972,0,0.19053495,34.347,9,0,0
chrome-devtools-mcp-compressed-cli,wikipedia_search_click,4,claude-sonnet-4-6,2026-03-25T22:43:50.669Z,true,253754,227701,874,0,0.1791123,26.829,8,0,0
chrome-devtools-mcp-compressed-cli,wikipedia_search_click,5,claude-sonnet-4-6,2026-03-25T22:44:22.592Z,true,252926,226829,798,0,0.17787569999999997,27.854,8,0,0
chrome-devtools-mcp-compressed-cli,wikipedia_deep_extraction,1,claude-sonnet-4-6,2026-03-25T22:45:00.447Z,true,221389,186543,1195,0,0.20455514999999996,32.367,6,0,0
chrome-devtools-mcp-compressed-cli,wikipedia_deep_extraction,2,claude-sonnet-4-6,2026-03-25T22:45:53.341Z,true,266562,229141,1844,0,0.23672505000000002,45.955,7,0,0
chrome-devtools-mcp-compressed-cli,wikipedia_deep_extraction,3,claude-sonnet-4-6,2026-03-25T22:46:30.771Z,true,181902,147017,904,0,0.18847935,28.569,5,0,0
chrome-devtools-mcp-compressed-cli,wikipedia_deep_extraction,4,claude-sonnet-4-6,2026-03-25T22:47:14.264Z,true,178997,145287,1551,0,0.1932591,38.553,5,0,0
chrome-devtools-mcp-compressed-cli,wikipedia_deep_extraction,5,claude-sonnet-4-6,2026-03-25T22:47:59.096Z,true,179317,145243,1667,0,0.1963509,39.648,5,0,0
chrome-devtools-mcp-compressed-cli,github_issue_investigation,1,claude-sonnet-4-6,2026-03-25T22:48:30.231Z,true,161472,132108,812,0,0.16192290000000004,26.478,5,0,0
chrome-devtools-mcp-compressed-cli,github_issue_investigation,2,claude-sonnet-4-6,2026-03-25T22:49:09.938Z,true,162151,132292,787,0,0.16345935,33.097,5,0,0
chrome-devtools-mcp-compressed-cli,github_issue_investigation,3,claude-sonnet-4-6,2026-03-25T22:49:41.666Z,true,161442,132298,786,0,0.16076490000000002,26.988,5,0,0
chrome-devtools-mcp-compressed-cli,github_issue_investigation,4,claude-sonnet-4-6,2026-03-25T22:50:17.373Z,true,225015,198058,1214,0,0.17871014999999998,30.649,7,0,0
chrome-devtools-mcp-compressed-cli,github_issue_investigation,5,claude-sonnet-4-6,2026-03-25T22:50:54.736Z,true,161419,131301,1052,0,0.1681083,32.792,5,0,0
chrome-devtools-mcp-compressed-cli,multi_site_research,1,claude-sonnet-4-6,2026-03-25T22:51:40.030Z,true,329494,298537,1184,0,0.22340159999999998,40.003,10,0,0
chrome-devtools-mcp-compressed-cli,multi_site_research,2,claude-sonnet-4-6,2026-03-25T22:52:29.459Z,true,346064,314471,1245,0,0.23148179999999996,43.028,10,0,0
chrome-devtools-mcp-compressed-cli,multi_site_research,3,claude-sonnet-4-6,2026-03-25T22:53:16.436Z,true,378021,345993,1327,0,0.24379889999999993,42.303,11,0,0
chrome-devtools-mcp-compressed-cli,multi_site_research,4,claude-sonnet-4-6,2026-03-25T22:54:04.617Z,true,383749,351107,1395,0,0.2486556,42.012,11,0,0
chrome-devtools-mcp-compressed-cli,multi_site_research,5,claude-sonnet-4-6,2026-03-25T22:54:53.190Z,true,364787,334127,1434,0,0.23671409999999996,42.773,11,0,0
chrome-devtools-mcp-compressed-cli,tabular_data_analysis,1,claude-sonnet-4-6,2026-03-25T22:55:26.997Z,true,142185,104691,859,0,0.18489105,25.534,4,0,0
chrome-devtools-mcp-compressed-cli,tabular_data_analysis,2,claude-sonnet-4-6,2026-03-25T22:55:55.812Z,true,142191,104880,862,0,0.1843065,24.074,4,0,0
chrome-devtools-mcp-compressed-cli,tabular_data_analysis,3,claude-sonnet-4-6,2026-03-25T22:56:30.529Z,true,172559,138888,977,0,0.18258315000000003,29.508,5,0,0
chrome-devtools-mcp-compressed-cli,tabular_data_analysis,4,claude-sonnet-4-6,2026-03-25T22:57:12.084Z,true,250439,211929,1178,0,0.2256552,36.4,7,0,0
chrome-devtools-mcp-compressed-cli,tabular_data_analysis,5,claude-sonnet-4-6,2026-03-25T22:57:40.656Z,true,142187,104880,810,0,0.1835115,23.796,4,0,0
chrome-devtools-mcp-compressed-cli,navigate_404,1,claude-sonnet-4-6,2026-03-25T22:59:50.081Z,true,154395,130703,633,0,0.1375464,125.031,5,0,0
chrome-devtools-mcp-compressed-cli,navigate_404,2,claude-sonnet-4-6,2026-03-25T23:00:17.231Z,true,155093,131417,602,0,0.1372356,22.423,5,0,0
chrome-devtools-mcp-compressed-cli,navigate_404,3,claude-sonnet-4-6,2026-03-25T23:00:43.121Z,true,155073,131407,569,0,0.1367001,21.078,5,0,0
chrome-devtools-mcp-compressed-cli,navigate_404,4,claude-sonnet-4-6,2026-03-25T23:01:12.173Z,true,155066,131607,632,0,0.13692885,23.139,5,0,0
chrome-devtools-mcp-compressed-cli,navigate_404,5,claude-sonnet-4-6,2026-03-25T23:01:38.791Z,true,155098,131266,579,0,0.1374303,22.133,5,0,0
chrome-devtools-mcp-compressed-cli,broken_element_interaction,1,claude-sonnet-4-6,2026-03-25T23:02:07.554Z,true,185740,162534,792,0,0.14765744999999997,24.681,6,0,0
chrome-devtools-mcp-compressed-cli,broken_element_interaction,2,claude-sonnet-4-6,2026-03-25T23:02:35.727Z,true,154372,131723,688,0,0.13476615,23.198,5,0,0
chrome-devtools-mcp-compressed-cli,broken_element_interaction,3,claude-sonnet-4-6,2026-03-25T23:03:07.266Z,true,154363,131487,688,0,0.1355466,26.785,5,0,0
chrome-devtools-mcp-compressed-cli,broken_element_interaction,4,claude-sonnet-4-6,2026-03-25T23:03:37.210Z,true,154408,131720,744,0,0.1357515,25.291,5,0,0
chrome-devtools-mcp-compressed-cli,broken_element_interaction,5,claude-sonnet-4-6,2026-03-25T23:04:05.241Z,true,154371,131478,667,0,0.13529265,23.041,5,0,0
